datetime,symbol,open,high,low,close,volume
2024-08-20 17:15:00,TAIFEX:TXF1!,22407.0,22418.0,22407.0,22415.0,8.0
2024-08-20 17:16:00,TAIFEX:TXF1!,22415.0,22420.0,22415.0,22416.0,5.0
2024-08-20 17:17:00,TAIFEX:TXF1!,22423.0,22427.0,22422.0,22427.0,8.0
2024-08-20 17:18:00,TAIFEX:TXF1!,22429.0,22433.0,22427.0,22433.0,24.0
2024-08-20 17:19:00,TAIFEX:TXF1!,22435.0,22435.0,22428.0,22434.0,4.0
2024-08-20 17:20:00,TAIFEX:TXF1!,22429.0,22432.0,22428.0,22428.0,4.0
2024-08-20 17:21:00,TAIFEX:TXF1!,22428.0,22428.0,22423.0,22428.0,13.0
2024-08-20 17:22:00,TAIFEX:TXF1!,22428.0,22432.0,22428.0,22432.0,4.0
2024-08-20 17:23:00,TAIFEX:TXF1!,22427.0,22432.0,22427.0,22427.0,3.0
2024-08-20 17:24:00,TAIFEX:TXF1!,22428.0,22433.0,22428.0,22433.0,2.0
2024-08-20 17:25:00,TAIFEX:TXF1!,22429.0,22433.0,22428.0,22432.0,6.0
2024-08-20 17:26:00,TAIFEX:TXF1!,22428.0,22428.0,22428.0,22428.0,2.0
2024-08-20 17:27:00,TAIFEX:TXF1!,22432.0,22432.0,22428.0,22428.0,3.0
2024-08-20 17:29:00,TAIFEX:TXF1!,22427.0,22430.0,22426.0,22430.0,4.0
2024-08-20 17:30:00,TAIFEX:TXF1!,22425.0,22427.0,22421.0,22421.0,5.0
2024-08-20 17:31:00,TAIFEX:TXF1!,22420.0,22420.0,22420.0,22420.0,1.0
2024-08-20 17:32:00,TAIFEX:TXF1!,22420.0,22421.0,22416.0,22416.0,5.0
2024-08-20 17:33:00,TAIFEX:TXF1!,22420.0,22421.0,22420.0,22421.0,2.0
2024-08-20 17:34:00,TAIFEX:TXF1!,22421.0,22421.0,22421.0,22421.0,1.0
2024-08-20 17:35:00,TAIFEX:TXF1!,22419.0,22423.0,22419.0,22423.0,7.0
2024-08-20 17:36:00,TAIFEX:TXF1!,22418.0,22420.0,22418.0,22418.0,11.0
2024-08-20 17:37:00,TAIFEX:TXF1!,22416.0,22416.0,22415.0,22415.0,3.0
2024-08-20 17:39:00,TAIFEX:TXF1!,22415.0,22415.0,22415.0,22415.0,1.0
2024-08-20 17:40:00,TAIFEX:TXF1!,22420.0,22420.0,22412.0,22419.0,7.0
2024-08-20 17:41:00,TAIFEX:TXF1!,22419.0,22423.0,22419.0,22423.0,2.0
2024-08-20 17:42:00,TAIFEX:TXF1!,22424.0,22428.0,22424.0,22428.0,8.0
2024-08-20 17:43:00,TAIFEX:TXF1!,22421.0,22421.0,22420.0,22420.0,3.0
2024-08-20 17:45:00,TAIFEX:TXF1!,22419.0,22420.0,22418.0,22420.0,4.0
2024-08-20 17:46:00,TAIFEX:TXF1!,22416.0,22416.0,22416.0,22416.0,5.0
2024-08-20 17:47:00,TAIFEX:TXF1!,22416.0,22416.0,22416.0,22416.0,1.0
2024-08-20 17:48:00,TAIFEX:TXF1!,22416.0,22416.0,22412.0,22412.0,10.0
2024-08-20 17:49:00,TAIFEX:TXF1!,22413.0,22418.0,22412.0,22412.0,9.0
2024-08-20 17:50:00,TAIFEX:TXF1!,22411.0,22412.0,22410.0,22411.0,6.0
2024-08-20 17:52:00,TAIFEX:TXF1!,22414.0,22417.0,22414.0,22415.0,8.0
2024-08-20 17:53:00,TAIFEX:TXF1!,22416.0,22416.0,22411.0,22415.0,4.0
2024-08-20 17:54:00,TAIFEX:TXF1!,22413.0,22413.0,22412.0,22412.0,2.0
2024-08-20 17:55:00,TAIFEX:TXF1!,22410.0,22416.0,22410.0,22416.0,2.0
2024-08-20 17:56:00,TAIFEX:TXF1!,22417.0,22417.0,22417.0,22417.0,5.0
2024-08-20 17:57:00,TAIFEX:TXF1!,22416.0,22417.0,22406.0,22406.0,11.0
2024-08-20 17:58:00,TAIFEX:TXF1!,22406.0,22406.0,22404.0,22404.0,2.0
2024-08-20 17:59:00,TAIFEX:TXF1!,22403.0,22405.0,22401.0,22403.0,7.0
2024-08-20 18:00:00,TAIFEX:TXF1!,22405.0,22405.0,22388.0,22392.0,43.0
2024-08-20 18:01:00,TAIFEX:TXF1!,22392.0,22399.0,22392.0,22399.0,6.0
2024-08-20 18:02:00,TAIFEX:TXF1!,22398.0,22398.0,22395.0,22395.0,4.0
2024-08-20 18:03:00,TAIFEX:TXF1!,22390.0,22390.0,22386.0,22386.0,12.0
2024-08-20 18:05:00,TAIFEX:TXF1!,22399.0,22399.0,22399.0,22399.0,3.0
2024-08-20 18:06:00,TAIFEX:TXF1!,22396.0,22396.0,22396.0,22396.0,1.0
2024-08-20 18:07:00,TAIFEX:TXF1!,22395.0,22397.0,22392.0,22394.0,28.0
2024-08-20 18:08:00,TAIFEX:TXF1!,22394.0,22399.0,22394.0,22399.0,7.0
2024-08-20 18:09:00,TAIFEX:TXF1!,22403.0,22404.0,22400.0,22404.0,4.0
2024-08-20 18:10:00,TAIFEX:TXF1!,22400.0,22400.0,22399.0,22399.0,9.0
2024-08-20 18:13:00,TAIFEX:TXF1!,22400.0,22405.0,22400.0,22400.0,8.0
2024-08-20 18:14:00,TAIFEX:TXF1!,22405.0,22405.0,22405.0,22405.0,1.0
2024-08-20 18:15:00,TAIFEX:TXF1!,22400.0,22400.0,22400.0,22400.0,2.0
2024-08-20 18:16:00,TAIFEX:TXF1!,22401.0,22407.0,22401.0,22407.0,2.0
2024-08-20 18:18:00,TAIFEX:TXF1!,22406.0,22406.0,22406.0,22406.0,3.0
2024-08-20 18:19:00,TAIFEX:TXF1!,22402.0,22407.0,22402.0,22407.0,2.0
2024-08-20 18:20:00,TAIFEX:TXF1!,22402.0,22402.0,22402.0,22402.0,1.0
2024-08-20 18:21:00,TAIFEX:TXF1!,22409.0,22409.0,22409.0,22409.0,1.0
2024-08-20 18:22:00,TAIFEX:TXF1!,22406.0,22406.0,22406.0,22406.0,1.0
2024-08-20 18:23:00,TAIFEX:TXF1!,22403.0,22410.0,22403.0,22410.0,13.0
2024-08-20 18:24:00,TAIFEX:TXF1!,22409.0,22410.0,22409.0,22410.0,2.0
2024-08-20 18:25:00,TAIFEX:TXF1!,22406.0,22412.0,22406.0,22412.0,2.0
2024-08-20 18:26:00,TAIFEX:TXF1!,22410.0,22410.0,22410.0,22410.0,1.0
2024-08-20 18:27:00,TAIFEX:TXF1!,22410.0,22410.0,22409.0,22409.0,4.0
2024-08-20 18:28:00,TAIFEX:TXF1!,22406.0,22412.0,22406.0,22412.0,2.0
2024-08-20 18:29:00,TAIFEX:TXF1!,22410.0,22410.0,22406.0,22409.0,3.0
2024-08-20 18:30:00,TAIFEX:TXF1!,22402.0,22403.0,22401.0,22403.0,5.0
2024-08-20 18:32:00,TAIFEX:TXF1!,22402.0,22405.0,22402.0,22405.0,2.0
2024-08-20 18:33:00,TAIFEX:TXF1!,22400.0,22400.0,22400.0,22400.0,1.0
2024-08-20 18:34:00,TAIFEX:TXF1!,22406.0,22406.0,22404.0,22404.0,3.0
2024-08-20 18:35:00,TAIFEX:TXF1!,22404.0,22404.0,22404.0,22404.0,1.0
2024-08-20 18:37:00,TAIFEX:TXF1!,22411.0,22411.0,22411.0,22411.0,1.0
2024-08-20 18:38:00,TAIFEX:TXF1!,22410.0,22410.0,22410.0,22410.0,1.0
2024-08-20 18:39:00,TAIFEX:TXF1!,22411.0,22411.0,22409.0,22409.0,3.0
2024-08-20 18:44:00,TAIFEX:TXF1!,22412.0,22413.0,22412.0,22413.0,4.0
2024-08-20 18:45:00,TAIFEX:TXF1!,22413.0,22413.0,22413.0,22413.0,1.0
2024-08-20 18:47:00,TAIFEX:TXF1!,22413.0,22415.0,22413.0,22415.0,6.0
2024-08-20 18:48:00,TAIFEX:TXF1!,22413.0,22420.0,22413.0,22420.0,6.0
2024-08-20 18:49:00,TAIFEX:TXF1!,22418.0,22418.0,22415.0,22415.0,9.0
2024-08-20 18:50:00,TAIFEX:TXF1!,22413.0,22414.0,22413.0,22414.0,2.0
2024-08-20 18:51:00,TAIFEX:TXF1!,22412.0,22412.0,22412.0,22412.0,2.0
2024-08-20 18:52:00,TAIFEX:TXF1!,22411.0,22412.0,22409.0,22409.0,4.0
2024-08-20 18:53:00,TAIFEX:TXF1!,22403.0,22403.0,22403.0,22403.0,1.0
2024-08-20 18:55:00,TAIFEX:TXF1!,22407.0,22407.0,22407.0,22407.0,3.0
2024-08-20 18:56:00,TAIFEX:TXF1!,22402.0,22402.0,22402.0,22402.0,2.0
2024-08-20 18:57:00,TAIFEX:TXF1!,22402.0,22402.0,22401.0,22401.0,5.0
2024-08-20 18:58:00,TAIFEX:TXF1!,22401.0,22403.0,22400.0,22403.0,7.0
2024-08-20 18:59:00,TAIFEX:TXF1!,22403.0,22403.0,22403.0,22403.0,3.0
2024-08-20 19:01:00,TAIFEX:TXF1!,22409.0,22409.0,22409.0,22409.0,1.0
2024-08-20 19:03:00,TAIFEX:TXF1!,22405.0,22407.0,22405.0,22407.0,2.0
2024-08-20 19:04:00,TAIFEX:TXF1!,22412.0,22412.0,22409.0,22409.0,5.0
2024-08-20 19:09:00,TAIFEX:TXF1!,22409.0,22409.0,22409.0,22409.0,2.0
2024-08-20 19:10:00,TAIFEX:TXF1!,22408.0,22408.0,22405.0,22405.0,5.0
2024-08-20 19:11:00,TAIFEX:TXF1!,22405.0,22405.0,22404.0,22404.0,2.0
2024-08-20 19:12:00,TAIFEX:TXF1!,22412.0,22412.0,22412.0,22412.0,1.0
2024-08-20 19:13:00,TAIFEX:TXF1!,22410.0,22410.0,22405.0,22405.0,3.0
2024-08-20 19:14:00,TAIFEX:TXF1!,22406.0,22406.0,22406.0,22406.0,2.0
2024-08-20 19:17:00,TAIFEX:TXF1!,22406.0,22406.0,22406.0,22406.0,1.0
2024-08-20 19:18:00,TAIFEX:TXF1!,22406.0,22406.0,22406.0,22406.0,3.0
2024-08-20 19:19:00,TAIFEX:TXF1!,22406.0,22410.0,22406.0,22410.0,7.0
2024-08-20 19:20:00,TAIFEX:TXF1!,22405.0,22405.0,22405.0,22405.0,1.0
2024-08-20 19:22:00,TAIFEX:TXF1!,22405.0,22407.0,22405.0,22407.0,3.0
2024-08-20 19:24:00,TAIFEX:TXF1!,22405.0,22405.0,22400.0,22400.0,26.0
2024-08-20 19:25:00,TAIFEX:TXF1!,22400.0,22400.0,22400.0,22400.0,1.0
2024-08-20 19:27:00,TAIFEX:TXF1!,22398.0,22398.0,22396.0,22396.0,4.0
2024-08-20 19:28:00,TAIFEX:TXF1!,22396.0,22397.0,22394.0,22397.0,4.0
2024-08-20 19:29:00,TAIFEX:TXF1!,22392.0,22395.0,22392.0,22395.0,2.0
2024-08-20 19:30:00,TAIFEX:TXF1!,22392.0,22394.0,22392.0,22394.0,27.0
2024-08-20 19:31:00,TAIFEX:TXF1!,22404.0,22404.0,22404.0,22404.0,1.0
2024-08-20 19:32:00,TAIFEX:TXF1!,22397.0,22397.0,22394.0,22394.0,3.0
2024-08-20 19:33:00,TAIFEX:TXF1!,22394.0,22394.0,22390.0,22390.0,4.0
2024-08-20 19:36:00,TAIFEX:TXF1!,22392.0,22393.0,22392.0,22393.0,4.0
2024-08-20 19:38:00,TAIFEX:TXF1!,22402.0,22405.0,22402.0,22405.0,5.0
2024-08-20 19:39:00,TAIFEX:TXF1!,22406.0,22407.0,22406.0,22407.0,3.0
2024-08-20 19:40:00,TAIFEX:TXF1!,22410.0,22413.0,22410.0,22413.0,12.0
2024-08-20 19:42:00,TAIFEX:TXF1!,22413.0,22413.0,22412.0,22412.0,3.0
2024-08-20 19:44:00,TAIFEX:TXF1!,22412.0,22412.0,22410.0,22410.0,3.0
2024-08-20 19:45:00,TAIFEX:TXF1!,22408.0,22413.0,22408.0,22413.0,4.0
2024-08-20 19:46:00,TAIFEX:TXF1!,22415.0,22419.0,22414.0,22419.0,15.0
2024-08-20 19:48:00,TAIFEX:TXF1!,22415.0,22415.0,22415.0,22415.0,1.0
2024-08-20 19:49:00,TAIFEX:TXF1!,22421.0,22422.0,22421.0,22422.0,5.0
2024-08-20 19:51:00,TAIFEX:TXF1!,22422.0,22422.0,22420.0,22420.0,4.0
2024-08-20 19:52:00,TAIFEX:TXF1!,22420.0,22420.0,22420.0,22420.0,10.0
2024-08-20 19:53:00,TAIFEX:TXF1!,22419.0,22421.0,22419.0,22419.0,6.0
2024-08-20 19:54:00,TAIFEX:TXF1!,22419.0,22419.0,22419.0,22419.0,1.0
2024-08-20 19:55:00,TAIFEX:TXF1!,22422.0,22422.0,22421.0,22422.0,11.0
2024-08-20 19:56:00,TAIFEX:TXF1!,22420.0,22420.0,22420.0,22420.0,4.0
2024-08-20 19:57:00,TAIFEX:TXF1!,22422.0,22425.0,22422.0,22425.0,5.0
2024-08-20 19:58:00,TAIFEX:TXF1!,22425.0,22425.0,22424.0,22425.0,4.0
2024-08-20 19:59:00,TAIFEX:TXF1!,22424.0,22425.0,22424.0,22425.0,3.0
2024-08-20 20:00:00,TAIFEX:TXF1!,22423.0,22430.0,22423.0,22430.0,8.0
2024-08-20 20:01:00,TAIFEX:TXF1!,22428.0,22434.0,22428.0,22430.0,10.0
2024-08-20 20:02:00,TAIFEX:TXF1!,22425.0,22425.0,22419.0,22419.0,3.0
2024-08-20 20:03:00,TAIFEX:TXF1!,22421.0,22421.0,22420.0,22420.0,3.0
2024-08-20 20:04:00,TAIFEX:TXF1!,22419.0,22419.0,22417.0,22417.0,3.0
2024-08-20 20:05:00,TAIFEX:TXF1!,22416.0,22418.0,22414.0,22414.0,4.0
2024-08-20 20:07:00,TAIFEX:TXF1!,22422.0,22435.0,22422.0,22433.0,15.0
2024-08-20 20:08:00,TAIFEX:TXF1!,22433.0,22435.0,22433.0,22435.0,3.0
2024-08-20 20:09:00,TAIFEX:TXF1!,22435.0,22438.0,22435.0,22435.0,12.0
2024-08-20 20:10:00,TAIFEX:TXF1!,22433.0,22433.0,22433.0,22433.0,1.0
2024-08-20 20:12:00,TAIFEX:TXF1!,22433.0,22433.0,22430.0,22430.0,4.0
2024-08-20 20:13:00,TAIFEX:TXF1!,22429.0,22429.0,22429.0,22429.0,1.0
2024-08-20 20:14:00,TAIFEX:TXF1!,22433.0,22433.0,22433.0,22433.0,3.0
2024-08-20 20:17:00,TAIFEX:TXF1!,22434.0,22434.0,22434.0,22434.0,1.0
2024-08-20 20:18:00,TAIFEX:TXF1!,22434.0,22434.0,22429.0,22429.0,2.0
2024-08-20 20:19:00,TAIFEX:TXF1!,22428.0,22428.0,22420.0,22420.0,8.0
2024-08-20 20:20:00,TAIFEX:TXF1!,22421.0,22421.0,22421.0,22421.0,1.0
2024-08-20 20:21:00,TAIFEX:TXF1!,22422.0,22422.0,22421.0,22422.0,3.0
2024-08-20 20:22:00,TAIFEX:TXF1!,22422.0,22422.0,22420.0,22420.0,8.0
2024-08-20 20:23:00,TAIFEX:TXF1!,22419.0,22421.0,22416.0,22418.0,16.0
2024-08-20 20:24:00,TAIFEX:TXF1!,22418.0,22418.0,22414.0,22414.0,2.0
2024-08-20 20:25:00,TAIFEX:TXF1!,22416.0,22417.0,22413.0,22417.0,4.0
2024-08-20 20:26:00,TAIFEX:TXF1!,22418.0,22418.0,22418.0,22418.0,2.0
2024-08-20 20:28:00,TAIFEX:TXF1!,22415.0,22415.0,22414.0,22414.0,8.0
2024-08-20 20:30:00,TAIFEX:TXF1!,22413.0,22413.0,22413.0,22413.0,5.0
2024-08-20 20:31:00,TAIFEX:TXF1!,22412.0,22412.0,22405.0,22405.0,10.0
2024-08-20 20:32:00,TAIFEX:TXF1!,22404.0,22404.0,22404.0,22404.0,3.0
2024-08-20 20:33:00,TAIFEX:TXF1!,22404.0,22404.0,22404.0,22404.0,1.0
2024-08-20 20:36:00,TAIFEX:TXF1!,22412.0,22412.0,22412.0,22412.0,1.0
2024-08-20 20:37:00,TAIFEX:TXF1!,22411.0,22411.0,22411.0,22411.0,1.0
2024-08-20 20:43:00,TAIFEX:TXF1!,22418.0,22418.0,22418.0,22418.0,1.0
2024-08-20 20:44:00,TAIFEX:TXF1!,22418.0,22418.0,22418.0,22418.0,1.0
2024-08-20 20:46:00,TAIFEX:TXF1!,22414.0,22414.0,22414.0,22414.0,3.0
2024-08-20 20:48:00,TAIFEX:TXF1!,22414.0,22414.0,22413.0,22413.0,2.0
2024-08-20 20:49:00,TAIFEX:TXF1!,22412.0,22413.0,22412.0,22413.0,2.0
2024-08-20 20:50:00,TAIFEX:TXF1!,22412.0,22412.0,22412.0,22412.0,1.0
2024-08-20 20:52:00,TAIFEX:TXF1!,22408.0,22411.0,22407.0,22407.0,4.0
2024-08-20 20:53:00,TAIFEX:TXF1!,22404.0,22404.0,22404.0,22404.0,5.0
2024-08-20 20:54:00,TAIFEX:TXF1!,22409.0,22410.0,22407.0,22410.0,4.0
2024-08-20 20:55:00,TAIFEX:TXF1!,22405.0,22405.0,22400.0,22400.0,5.0
2024-08-20 20:56:00,TAIFEX:TXF1!,22401.0,22402.0,22401.0,22402.0,3.0
2024-08-20 20:57:00,TAIFEX:TXF1!,22409.0,22411.0,22409.0,22411.0,3.0
2024-08-20 20:58:00,TAIFEX:TXF1!,22411.0,22411.0,22408.0,22408.0,2.0
2024-08-20 20:59:00,TAIFEX:TXF1!,22409.0,22409.0,22409.0,22409.0,1.0
2024-08-20 21:00:00,TAIFEX:TXF1!,22413.0,22419.0,22413.0,22415.0,9.0
2024-08-20 21:02:00,TAIFEX:TXF1!,22418.0,22418.0,22418.0,22418.0,1.0
2024-08-20 21:04:00,TAIFEX:TXF1!,22412.0,22412.0,22404.0,22404.0,22.0
2024-08-20 21:05:00,TAIFEX:TXF1!,22403.0,22403.0,22400.0,22400.0,14.0
2024-08-20 21:06:00,TAIFEX:TXF1!,22398.0,22398.0,22397.0,22397.0,3.0
2024-08-20 21:08:00,TAIFEX:TXF1!,22402.0,22402.0,22402.0,22402.0,1.0
2024-08-20 21:10:00,TAIFEX:TXF1!,22407.0,22407.0,22407.0,22407.0,2.0
2024-08-20 21:13:00,TAIFEX:TXF1!,22400.0,22401.0,22399.0,22401.0,7.0
2024-08-20 21:14:00,TAIFEX:TXF1!,22403.0,22403.0,22403.0,22403.0,1.0
2024-08-20 21:15:00,TAIFEX:TXF1!,22401.0,22401.0,22401.0,22401.0,3.0
2024-08-20 21:16:00,TAIFEX:TXF1!,22398.0,22398.0,22398.0,22398.0,3.0
2024-08-20 21:17:00,TAIFEX:TXF1!,22397.0,22404.0,22397.0,22404.0,4.0
2024-08-20 21:19:00,TAIFEX:TXF1!,22400.0,22400.0,22396.0,22396.0,7.0
2024-08-20 21:20:00,TAIFEX:TXF1!,22396.0,22396.0,22394.0,22394.0,9.0
2024-08-20 21:21:00,TAIFEX:TXF1!,22395.0,22395.0,22395.0,22395.0,1.0
2024-08-20 21:22:00,TAIFEX:TXF1!,22400.0,22400.0,22400.0,22400.0,1.0
2024-08-20 21:23:00,TAIFEX:TXF1!,22397.0,22397.0,22395.0,22395.0,3.0
2024-08-20 21:25:00,TAIFEX:TXF1!,22397.0,22401.0,22397.0,22401.0,6.0
2024-08-20 21:26:00,TAIFEX:TXF1!,22401.0,22401.0,22401.0,22401.0,3.0
2024-08-20 21:27:00,TAIFEX:TXF1!,22398.0,22398.0,22395.0,22395.0,3.0
2024-08-20 21:29:00,TAIFEX:TXF1!,22399.0,22408.0,22399.0,22408.0,23.0
2024-08-20 21:30:00,TAIFEX:TXF1!,22411.0,22412.0,22403.0,22403.0,11.0
2024-08-20 21:31:00,TAIFEX:TXF1!,22408.0,22408.0,22396.0,22398.0,11.0
2024-08-20 21:32:00,TAIFEX:TXF1!,22395.0,22395.0,22380.0,22380.0,31.0
2024-08-20 21:33:00,TAIFEX:TXF1!,22390.0,22390.0,22384.0,22384.0,4.0
2024-08-20 21:34:00,TAIFEX:TXF1!,22409.0,22410.0,22403.0,22403.0,12.0
2024-08-20 21:35:00,TAIFEX:TXF1!,22402.0,22403.0,22398.0,22398.0,3.0
2024-08-20 21:36:00,TAIFEX:TXF1!,22388.0,22397.0,22386.0,22391.0,12.0
2024-08-20 21:37:00,TAIFEX:TXF1!,22391.0,22394.0,22378.0,22381.0,39.0
2024-08-20 21:38:00,TAIFEX:TXF1!,22379.0,22390.0,22379.0,22385.0,8.0
2024-08-20 21:39:00,TAIFEX:TXF1!,22389.0,22389.0,22377.0,22378.0,19.0
2024-08-20 21:40:00,TAIFEX:TXF1!,22379.0,22385.0,22377.0,22380.0,5.0
2024-08-20 21:41:00,TAIFEX:TXF1!,22380.0,22387.0,22380.0,22387.0,8.0
2024-08-20 21:42:00,TAIFEX:TXF1!,22393.0,22398.0,22393.0,22393.0,7.0
2024-08-20 21:43:00,TAIFEX:TXF1!,22388.0,22388.0,22381.0,22381.0,7.0
2024-08-20 21:44:00,TAIFEX:TXF1!,22380.0,22395.0,22380.0,22394.0,14.0
2024-08-20 21:45:00,TAIFEX:TXF1!,22392.0,22398.0,22392.0,22396.0,12.0
2024-08-20 21:46:00,TAIFEX:TXF1!,22396.0,22396.0,22393.0,22393.0,2.0
2024-08-20 21:47:00,TAIFEX:TXF1!,22392.0,22392.0,22391.0,22391.0,2.0
2024-08-20 21:48:00,TAIFEX:TXF1!,22400.0,22414.0,22400.0,22412.0,24.0
2024-08-20 21:49:00,TAIFEX:TXF1!,22411.0,22415.0,22409.0,22409.0,21.0
2024-08-20 21:50:00,TAIFEX:TXF1!,22408.0,22410.0,22408.0,22410.0,16.0
2024-08-20 21:51:00,TAIFEX:TXF1!,22407.0,22407.0,22401.0,22402.0,9.0
2024-08-20 21:52:00,TAIFEX:TXF1!,22405.0,22412.0,22404.0,22412.0,6.0
2024-08-20 21:53:00,TAIFEX:TXF1!,22414.0,22428.0,22414.0,22423.0,30.0
2024-08-20 21:54:00,TAIFEX:TXF1!,22429.0,22432.0,22429.0,22432.0,12.0
2024-08-20 21:55:00,TAIFEX:TXF1!,22432.0,22433.0,22432.0,22432.0,6.0
2024-08-20 21:56:00,TAIFEX:TXF1!,22426.0,22426.0,22424.0,22424.0,2.0
2024-08-20 21:57:00,TAIFEX:TXF1!,22425.0,22433.0,22425.0,22431.0,45.0
2024-08-20 21:58:00,TAIFEX:TXF1!,22431.0,22443.0,22431.0,22435.0,34.0
2024-08-20 21:59:00,TAIFEX:TXF1!,22435.0,22435.0,22433.0,22433.0,2.0
2024-08-20 22:00:00,TAIFEX:TXF1!,22433.0,22440.0,22432.0,22432.0,15.0
2024-08-20 22:01:00,TAIFEX:TXF1!,22432.0,22432.0,22414.0,22419.0,17.0
2024-08-20 22:02:00,TAIFEX:TXF1!,22423.0,22423.0,22420.0,22422.0,5.0
2024-08-20 22:03:00,TAIFEX:TXF1!,22423.0,22425.0,22423.0,22425.0,3.0
2024-08-20 22:04:00,TAIFEX:TXF1!,22423.0,22423.0,22419.0,22419.0,14.0
2024-08-20 22:05:00,TAIFEX:TXF1!,22419.0,22419.0,22419.0,22419.0,3.0
2024-08-20 22:06:00,TAIFEX:TXF1!,22419.0,22421.0,22418.0,22419.0,5.0
2024-08-20 22:07:00,TAIFEX:TXF1!,22425.0,22426.0,22425.0,22426.0,6.0
2024-08-20 22:08:00,TAIFEX:TXF1!,22423.0,22423.0,22423.0,22423.0,1.0
2024-08-20 22:09:00,TAIFEX:TXF1!,22419.0,22422.0,22417.0,22420.0,13.0
2024-08-20 22:10:00,TAIFEX:TXF1!,22416.0,22416.0,22400.0,22400.0,22.0
2024-08-20 22:11:00,TAIFEX:TXF1!,22402.0,22402.0,22383.0,22385.0,18.0
2024-08-20 22:12:00,TAIFEX:TXF1!,22391.0,22391.0,22369.0,22375.0,81.0
2024-08-20 22:13:00,TAIFEX:TXF1!,22370.0,22377.0,22369.0,22373.0,8.0
2024-08-20 22:14:00,TAIFEX:TXF1!,22374.0,22384.0,22373.0,22379.0,17.0
2024-08-20 22:15:00,TAIFEX:TXF1!,22381.0,22382.0,22371.0,22376.0,21.0
2024-08-20 22:16:00,TAIFEX:TXF1!,22373.0,22373.0,22341.0,22343.0,137.0
2024-08-20 22:17:00,TAIFEX:TXF1!,22347.0,22347.0,22340.0,22342.0,20.0
2024-08-20 22:18:00,TAIFEX:TXF1!,22346.0,22350.0,22340.0,22347.0,19.0
2024-08-20 22:19:00,TAIFEX:TXF1!,22348.0,22349.0,22345.0,22349.0,9.0
2024-08-20 22:20:00,TAIFEX:TXF1!,22345.0,22345.0,22334.0,22334.0,43.0
2024-08-20 22:21:00,TAIFEX:TXF1!,22340.0,22346.0,22337.0,22346.0,33.0
2024-08-20 22:22:00,TAIFEX:TXF1!,22350.0,22358.0,22350.0,22358.0,22.0
2024-08-20 22:23:00,TAIFEX:TXF1!,22358.0,22358.0,22349.0,22352.0,11.0
2024-08-20 22:24:00,TAIFEX:TXF1!,22349.0,22349.0,22332.0,22334.0,48.0
2024-08-20 22:25:00,TAIFEX:TXF1!,22335.0,22336.0,22324.0,22331.0,95.0
2024-08-20 22:26:00,TAIFEX:TXF1!,22324.0,22331.0,22313.0,22331.0,45.0
2024-08-20 22:27:00,TAIFEX:TXF1!,22332.0,22334.0,22318.0,22321.0,18.0
2024-08-20 22:28:00,TAIFEX:TXF1!,22320.0,22320.0,22308.0,22310.0,28.0
2024-08-20 22:29:00,TAIFEX:TXF1!,22308.0,22326.0,22307.0,22326.0,24.0
2024-08-20 22:30:00,TAIFEX:TXF1!,22319.0,22321.0,22315.0,22320.0,33.0
2024-08-20 22:31:00,TAIFEX:TXF1!,22317.0,22317.0,22308.0,22309.0,13.0
2024-08-20 22:32:00,TAIFEX:TXF1!,22310.0,22321.0,22300.0,22306.0,124.0
2024-08-20 22:33:00,TAIFEX:TXF1!,22306.0,22314.0,22306.0,22314.0,7.0
2024-08-20 22:34:00,TAIFEX:TXF1!,22312.0,22323.0,22312.0,22323.0,16.0
2024-08-20 22:35:00,TAIFEX:TXF1!,22322.0,22323.0,22295.0,22300.0,90.0
2024-08-20 22:36:00,TAIFEX:TXF1!,22300.0,22300.0,22277.0,22277.0,109.0
2024-08-20 22:37:00,TAIFEX:TXF1!,22282.0,22282.0,22270.0,22276.0,33.0
2024-08-20 22:38:00,TAIFEX:TXF1!,22274.0,22275.0,22250.0,22250.0,83.0
2024-08-20 22:39:00,TAIFEX:TXF1!,22252.0,22265.0,22250.0,22253.0,102.0
2024-08-20 22:40:00,TAIFEX:TXF1!,22254.0,22275.0,22254.0,22275.0,36.0
2024-08-20 22:41:00,TAIFEX:TXF1!,22275.0,22277.0,22252.0,22252.0,41.0
2024-08-20 22:42:00,TAIFEX:TXF1!,22251.0,22252.0,22232.0,22232.0,54.0
2024-08-20 22:43:00,TAIFEX:TXF1!,22231.0,22250.0,22230.0,22246.0,52.0
2024-08-20 22:44:00,TAIFEX:TXF1!,22246.0,22252.0,22235.0,22235.0,31.0
2024-08-20 22:45:00,TAIFEX:TXF1!,22241.0,22263.0,22241.0,22263.0,32.0
2024-08-20 22:46:00,TAIFEX:TXF1!,22263.0,22276.0,22263.0,22276.0,36.0
2024-08-20 22:47:00,TAIFEX:TXF1!,22276.0,22284.0,22275.0,22283.0,39.0
2024-08-20 22:48:00,TAIFEX:TXF1!,22283.0,22288.0,22277.0,22285.0,23.0
2024-08-20 22:49:00,TAIFEX:TXF1!,22283.0,22294.0,22283.0,22290.0,47.0
2024-08-20 22:50:00,TAIFEX:TXF1!,22286.0,22289.0,22280.0,22285.0,19.0
2024-08-20 22:51:00,TAIFEX:TXF1!,22285.0,22285.0,22277.0,22277.0,9.0
2024-08-20 22:52:00,TAIFEX:TXF1!,22280.0,22292.0,22280.0,22288.0,8.0
2024-08-20 22:53:00,TAIFEX:TXF1!,22289.0,22296.0,22289.0,22293.0,43.0
2024-08-20 22:54:00,TAIFEX:TXF1!,22296.0,22300.0,22292.0,22296.0,21.0
2024-08-20 22:55:00,TAIFEX:TXF1!,22299.0,22301.0,22290.0,22291.0,31.0
2024-08-20 22:56:00,TAIFEX:TXF1!,22286.0,22286.0,22269.0,22271.0,44.0
2024-08-20 22:57:00,TAIFEX:TXF1!,22274.0,22274.0,22263.0,22270.0,22.0
2024-08-20 22:58:00,TAIFEX:TXF1!,22271.0,22284.0,22270.0,22282.0,20.0
2024-08-20 22:59:00,TAIFEX:TXF1!,22270.0,22271.0,22261.0,22266.0,11.0
2024-08-20 23:00:00,TAIFEX:TXF1!,22267.0,22272.0,22261.0,22272.0,17.0
2024-08-20 23:01:00,TAIFEX:TXF1!,22272.0,22272.0,22264.0,22266.0,9.0
2024-08-20 23:02:00,TAIFEX:TXF1!,22271.0,22271.0,22264.0,22269.0,9.0
2024-08-20 23:03:00,TAIFEX:TXF1!,22274.0,22279.0,22269.0,22270.0,15.0
2024-08-20 23:04:00,TAIFEX:TXF1!,22269.0,22275.0,22264.0,22267.0,16.0
2024-08-20 23:05:00,TAIFEX:TXF1!,22271.0,22271.0,22261.0,22268.0,22.0
2024-08-20 23:06:00,TAIFEX:TXF1!,22273.0,22281.0,22271.0,22280.0,16.0
2024-08-20 23:07:00,TAIFEX:TXF1!,22266.0,22272.0,22266.0,22272.0,2.0
2024-08-20 23:08:00,TAIFEX:TXF1!,22282.0,22283.0,22266.0,22266.0,17.0
2024-08-20 23:09:00,TAIFEX:TXF1!,22266.0,22273.0,22264.0,22270.0,17.0
2024-08-20 23:10:00,TAIFEX:TXF1!,22266.0,22270.0,22265.0,22266.0,6.0
2024-08-20 23:11:00,TAIFEX:TXF1!,22270.0,22276.0,22270.0,22276.0,5.0
2024-08-20 23:12:00,TAIFEX:TXF1!,22276.0,22276.0,22276.0,22276.0,4.0
2024-08-20 23:13:00,TAIFEX:TXF1!,22276.0,22290.0,22276.0,22290.0,17.0
2024-08-20 23:14:00,TAIFEX:TXF1!,22288.0,22290.0,22276.0,22276.0,20.0
2024-08-20 23:15:00,TAIFEX:TXF1!,22275.0,22284.0,22275.0,22284.0,9.0
2024-08-20 23:16:00,TAIFEX:TXF1!,22286.0,22294.0,22282.0,22294.0,25.0
2024-08-20 23:17:00,TAIFEX:TXF1!,22297.0,22305.0,22297.0,22303.0,39.0
2024-08-20 23:18:00,TAIFEX:TXF1!,22304.0,22312.0,22304.0,22312.0,30.0
2024-08-20 23:19:00,TAIFEX:TXF1!,22306.0,22308.0,22300.0,22308.0,24.0
2024-08-20 23:20:00,TAIFEX:TXF1!,22307.0,22318.0,22303.0,22318.0,35.0
2024-08-20 23:21:00,TAIFEX:TXF1!,22316.0,22316.0,22309.0,22312.0,12.0
2024-08-20 23:22:00,TAIFEX:TXF1!,22308.0,22308.0,22300.0,22300.0,11.0
2024-08-20 23:23:00,TAIFEX:TXF1!,22300.0,22300.0,22295.0,22300.0,22.0
2024-08-20 23:24:00,TAIFEX:TXF1!,22303.0,22309.0,22301.0,22309.0,5.0
2024-08-20 23:25:00,TAIFEX:TXF1!,22309.0,22309.0,22309.0,22309.0,6.0
2024-08-20 23:26:00,TAIFEX:TXF1!,22303.0,22306.0,22295.0,22295.0,17.0
2024-08-20 23:27:00,TAIFEX:TXF1!,22295.0,22298.0,22290.0,22290.0,20.0
2024-08-20 23:28:00,TAIFEX:TXF1!,22280.0,22281.0,22275.0,22278.0,15.0
2024-08-20 23:29:00,TAIFEX:TXF1!,22279.0,22285.0,22279.0,22285.0,8.0
2024-08-20 23:30:00,TAIFEX:TXF1!,22276.0,22287.0,22276.0,22286.0,5.0
2024-08-20 23:31:00,TAIFEX:TXF1!,22283.0,22291.0,22282.0,22291.0,8.0
2024-08-20 23:32:00,TAIFEX:TXF1!,22285.0,22289.0,22285.0,22289.0,2.0
2024-08-20 23:33:00,TAIFEX:TXF1!,22288.0,22290.0,22287.0,22289.0,6.0
2024-08-20 23:34:00,TAIFEX:TXF1!,22288.0,22294.0,22288.0,22294.0,7.0
2024-08-20 23:35:00,TAIFEX:TXF1!,22289.0,22298.0,22289.0,22298.0,6.0
2024-08-20 23:36:00,TAIFEX:TXF1!,22300.0,22303.0,22285.0,22292.0,34.0
2024-08-20 23:37:00,TAIFEX:TXF1!,22295.0,22311.0,22295.0,22311.0,43.0
2024-08-20 23:38:00,TAIFEX:TXF1!,22308.0,22310.0,22305.0,22308.0,9.0
2024-08-20 23:39:00,TAIFEX:TXF1!,22306.0,22306.0,22299.0,22300.0,7.0
2024-08-20 23:40:00,TAIFEX:TXF1!,22300.0,22306.0,22300.0,22303.0,3.0
2024-08-20 23:41:00,TAIFEX:TXF1!,22301.0,22301.0,22294.0,22300.0,11.0
2024-08-20 23:42:00,TAIFEX:TXF1!,22303.0,22303.0,22295.0,22295.0,3.0
2024-08-20 23:43:00,TAIFEX:TXF1!,22295.0,22302.0,22276.0,22278.0,37.0
2024-08-20 23:44:00,TAIFEX:TXF1!,22281.0,22281.0,22277.0,22278.0,9.0
2024-08-20 23:45:00,TAIFEX:TXF1!,22275.0,22280.0,22271.0,22280.0,12.0
2024-08-20 23:46:00,TAIFEX:TXF1!,22277.0,22278.0,22275.0,22275.0,4.0
2024-08-20 23:47:00,TAIFEX:TXF1!,22275.0,22275.0,22275.0,22275.0,1.0
2024-08-20 23:48:00,TAIFEX:TXF1!,22271.0,22271.0,22266.0,22268.0,9.0
2024-08-20 23:49:00,TAIFEX:TXF1!,22270.0,22270.0,22268.0,22270.0,7.0
2024-08-20 23:50:00,TAIFEX:TXF1!,22270.0,22276.0,22270.0,22276.0,14.0
2024-08-20 23:51:00,TAIFEX:TXF1!,22274.0,22278.0,22274.0,22278.0,3.0
2024-08-20 23:52:00,TAIFEX:TXF1!,22278.0,22282.0,22278.0,22282.0,4.0
2024-08-20 23:53:00,TAIFEX:TXF1!,22285.0,22294.0,22285.0,22294.0,6.0
2024-08-20 23:54:00,TAIFEX:TXF1!,22295.0,22299.0,22295.0,22296.0,12.0
2024-08-20 23:55:00,TAIFEX:TXF1!,22298.0,22299.0,22296.0,22299.0,7.0
2024-08-20 23:56:00,TAIFEX:TXF1!,22297.0,22304.0,22293.0,22304.0,13.0
2024-08-20 23:57:00,TAIFEX:TXF1!,22306.0,22308.0,22306.0,22308.0,10.0
2024-08-20 23:58:00,TAIFEX:TXF1!,22308.0,22323.0,22308.0,22323.0,26.0
2024-08-20 23:59:00,TAIFEX:TXF1!,22324.0,22327.0,22322.0,22327.0,12.0
2024-08-21 00:00:00,TAIFEX:TXF1!,22328.0,22329.0,22321.0,22322.0,15.0
2024-08-21 00:01:00,TAIFEX:TXF1!,22322.0,22327.0,22320.0,22322.0,16.0
2024-08-21 00:02:00,TAIFEX:TXF1!,22319.0,22321.0,22319.0,22320.0,6.0
2024-08-21 00:03:00,TAIFEX:TXF1!,22321.0,22321.0,22312.0,22319.0,11.0
2024-08-21 00:04:00,TAIFEX:TXF1!,22320.0,22322.0,22318.0,22322.0,9.0
2024-08-21 00:05:00,TAIFEX:TXF1!,22320.0,22326.0,22320.0,22326.0,16.0
2024-08-21 00:06:00,TAIFEX:TXF1!,22326.0,22326.0,22320.0,22320.0,4.0
2024-08-21 00:07:00,TAIFEX:TXF1!,22320.0,22320.0,22319.0,22319.0,6.0
2024-08-21 00:08:00,TAIFEX:TXF1!,22320.0,22322.0,22319.0,22322.0,5.0
2024-08-21 00:09:00,TAIFEX:TXF1!,22320.0,22322.0,22318.0,22319.0,8.0
2024-08-21 00:10:00,TAIFEX:TXF1!,22323.0,22323.0,22311.0,22311.0,15.0
2024-08-21 00:11:00,TAIFEX:TXF1!,22307.0,22307.0,22307.0,22307.0,6.0
2024-08-21 00:12:00,TAIFEX:TXF1!,22312.0,22312.0,22305.0,22305.0,2.0
2024-08-21 00:13:00,TAIFEX:TXF1!,22305.0,22310.0,22305.0,22310.0,3.0
2024-08-21 00:15:00,TAIFEX:TXF1!,22304.0,22304.0,22303.0,22303.0,2.0
2024-08-21 00:16:00,TAIFEX:TXF1!,22300.0,22300.0,22300.0,22300.0,7.0
2024-08-21 00:17:00,TAIFEX:TXF1!,22300.0,22300.0,22295.0,22295.0,9.0
2024-08-21 00:18:00,TAIFEX:TXF1!,22296.0,22301.0,22296.0,22301.0,3.0
2024-08-21 00:19:00,TAIFEX:TXF1!,22296.0,22305.0,22295.0,22295.0,9.0
2024-08-21 00:20:00,TAIFEX:TXF1!,22295.0,22295.0,22295.0,22295.0,3.0
2024-08-21 00:21:00,TAIFEX:TXF1!,22295.0,22295.0,22295.0,22295.0,1.0
2024-08-21 00:22:00,TAIFEX:TXF1!,22295.0,22295.0,22291.0,22291.0,4.0
2024-08-21 00:23:00,TAIFEX:TXF1!,22290.0,22295.0,22290.0,22295.0,7.0
2024-08-21 00:24:00,TAIFEX:TXF1!,22293.0,22293.0,22293.0,22293.0,1.0
2024-08-21 00:25:00,TAIFEX:TXF1!,22289.0,22293.0,22289.0,22293.0,2.0
2024-08-21 00:26:00,TAIFEX:TXF1!,22297.0,22297.0,22293.0,22293.0,2.0
2024-08-21 00:27:00,TAIFEX:TXF1!,22290.0,22290.0,22290.0,22290.0,4.0
2024-08-21 00:29:00,TAIFEX:TXF1!,22291.0,22291.0,22291.0,22291.0,1.0
2024-08-21 00:30:00,TAIFEX:TXF1!,22298.0,22300.0,22298.0,22299.0,7.0
2024-08-21 00:31:00,TAIFEX:TXF1!,22305.0,22305.0,22300.0,22300.0,6.0
2024-08-21 00:32:00,TAIFEX:TXF1!,22299.0,22299.0,22298.0,22298.0,2.0
2024-08-21 00:34:00,TAIFEX:TXF1!,22301.0,22301.0,22301.0,22301.0,1.0
2024-08-21 00:35:00,TAIFEX:TXF1!,22298.0,22298.0,22298.0,22298.0,8.0
2024-08-21 00:36:00,TAIFEX:TXF1!,22291.0,22291.0,22288.0,22290.0,8.0
2024-08-21 00:37:00,TAIFEX:TXF1!,22300.0,22300.0,22300.0,22300.0,1.0
2024-08-21 00:38:00,TAIFEX:TXF1!,22300.0,22302.0,22300.0,22302.0,3.0
2024-08-21 00:39:00,TAIFEX:TXF1!,22303.0,22304.0,22303.0,22304.0,3.0
2024-08-21 00:40:00,TAIFEX:TXF1!,22299.0,22299.0,22297.0,22297.0,5.0
2024-08-21 00:41:00,TAIFEX:TXF1!,22297.0,22297.0,22293.0,22293.0,2.0
2024-08-21 00:43:00,TAIFEX:TXF1!,22293.0,22293.0,22293.0,22293.0,1.0
2024-08-21 00:44:00,TAIFEX:TXF1!,22295.0,22297.0,22294.0,22297.0,3.0
2024-08-21 00:45:00,TAIFEX:TXF1!,22297.0,22297.0,22297.0,22297.0,1.0
2024-08-21 00:46:00,TAIFEX:TXF1!,22297.0,22297.0,22296.0,22296.0,2.0
2024-08-21 00:47:00,TAIFEX:TXF1!,22296.0,22298.0,22294.0,22298.0,25.0
2024-08-21 00:49:00,TAIFEX:TXF1!,22302.0,22302.0,22302.0,22302.0,1.0
2024-08-21 00:50:00,TAIFEX:TXF1!,22301.0,22301.0,22299.0,22301.0,6.0
2024-08-21 00:51:00,TAIFEX:TXF1!,22299.0,22300.0,22298.0,22298.0,4.0
2024-08-21 00:52:00,TAIFEX:TXF1!,22297.0,22298.0,22295.0,22295.0,7.0
2024-08-21 00:53:00,TAIFEX:TXF1!,22294.0,22294.0,22288.0,22288.0,13.0
2024-08-21 00:54:00,TAIFEX:TXF1!,22290.0,22290.0,22280.0,22280.0,16.0
2024-08-21 00:55:00,TAIFEX:TXF1!,22276.0,22277.0,22276.0,22277.0,2.0
2024-08-21 00:56:00,TAIFEX:TXF1!,22273.0,22273.0,22270.0,22270.0,14.0
2024-08-21 00:58:00,TAIFEX:TXF1!,22271.0,22271.0,22271.0,22271.0,1.0
2024-08-21 00:59:00,TAIFEX:TXF1!,22268.0,22268.0,22258.0,22258.0,33.0
2024-08-21 01:00:00,TAIFEX:TXF1!,22257.0,22257.0,22246.0,22246.0,36.0
2024-08-21 01:01:00,TAIFEX:TXF1!,22246.0,22262.0,22246.0,22256.0,25.0
2024-08-21 01:02:00,TAIFEX:TXF1!,22260.0,22262.0,22260.0,22262.0,7.0
2024-08-21 01:03:00,TAIFEX:TXF1!,22260.0,22260.0,22260.0,22260.0,2.0
2024-08-21 01:04:00,TAIFEX:TXF1!,22259.0,22259.0,22259.0,22259.0,1.0
2024-08-21 01:05:00,TAIFEX:TXF1!,22265.0,22265.0,22265.0,22265.0,1.0
2024-08-21 01:06:00,TAIFEX:TXF1!,22265.0,22277.0,22265.0,22277.0,10.0
2024-08-21 01:07:00,TAIFEX:TXF1!,22279.0,22283.0,22278.0,22278.0,7.0
2024-08-21 01:08:00,TAIFEX:TXF1!,22277.0,22281.0,22277.0,22281.0,2.0
2024-08-21 01:10:00,TAIFEX:TXF1!,22281.0,22281.0,22281.0,22281.0,1.0
2024-08-21 01:11:00,TAIFEX:TXF1!,22281.0,22283.0,22277.0,22277.0,4.0
2024-08-21 01:13:00,TAIFEX:TXF1!,22279.0,22283.0,22279.0,22283.0,3.0
2024-08-21 01:14:00,TAIFEX:TXF1!,22277.0,22277.0,22277.0,22277.0,1.0
2024-08-21 01:15:00,TAIFEX:TXF1!,22271.0,22272.0,22268.0,22268.0,5.0
2024-08-21 01:16:00,TAIFEX:TXF1!,22274.0,22274.0,22273.0,22273.0,3.0
2024-08-21 01:17:00,TAIFEX:TXF1!,22274.0,22279.0,22273.0,22279.0,6.0
2024-08-21 01:20:00,TAIFEX:TXF1!,22271.0,22271.0,22270.0,22270.0,3.0
2024-08-21 01:21:00,TAIFEX:TXF1!,22270.0,22274.0,22268.0,22268.0,15.0
2024-08-21 01:22:00,TAIFEX:TXF1!,22268.0,22268.0,22268.0,22268.0,1.0
2024-08-21 01:24:00,TAIFEX:TXF1!,22264.0,22264.0,22261.0,22263.0,7.0
2024-08-21 01:26:00,TAIFEX:TXF1!,22274.0,22276.0,22274.0,22276.0,3.0
2024-08-21 01:27:00,TAIFEX:TXF1!,22286.0,22287.0,22284.0,22287.0,6.0
2024-08-21 01:28:00,TAIFEX:TXF1!,22283.0,22283.0,22282.0,22282.0,3.0
2024-08-21 01:29:00,TAIFEX:TXF1!,22286.0,22286.0,22286.0,22286.0,3.0
2024-08-21 01:30:00,TAIFEX:TXF1!,22280.0,22280.0,22280.0,22280.0,1.0
2024-08-21 01:31:00,TAIFEX:TXF1!,22280.0,22280.0,22280.0,22280.0,1.0
2024-08-21 01:32:00,TAIFEX:TXF1!,22278.0,22278.0,22278.0,22278.0,1.0
2024-08-21 01:33:00,TAIFEX:TXF1!,22278.0,22278.0,22278.0,22278.0,1.0
2024-08-21 01:34:00,TAIFEX:TXF1!,22278.0,22280.0,22278.0,22280.0,5.0
2024-08-21 01:35:00,TAIFEX:TXF1!,22283.0,22283.0,22283.0,22283.0,2.0
2024-08-21 01:36:00,TAIFEX:TXF1!,22278.0,22278.0,22272.0,22272.0,6.0
2024-08-21 01:37:00,TAIFEX:TXF1!,22274.0,22274.0,22274.0,22274.0,1.0
2024-08-21 01:43:00,TAIFEX:TXF1!,22287.0,22287.0,22287.0,22287.0,1.0
2024-08-21 01:44:00,TAIFEX:TXF1!,22292.0,22292.0,22289.0,22290.0,10.0
2024-08-21 01:45:00,TAIFEX:TXF1!,22290.0,22295.0,22290.0,22294.0,6.0
2024-08-21 01:46:00,TAIFEX:TXF1!,22294.0,22296.0,22290.0,22296.0,6.0
2024-08-21 01:47:00,TAIFEX:TXF1!,22297.0,22297.0,22297.0,22297.0,1.0
2024-08-21 01:48:00,TAIFEX:TXF1!,22297.0,22297.0,22297.0,22297.0,1.0
2024-08-21 01:49:00,TAIFEX:TXF1!,22297.0,22297.0,22297.0,22297.0,1.0
2024-08-21 01:50:00,TAIFEX:TXF1!,22296.0,22296.0,22296.0,22296.0,1.0
2024-08-21 01:52:00,TAIFEX:TXF1!,22292.0,22292.0,22292.0,22292.0,1.0
2024-08-21 01:54:00,TAIFEX:TXF1!,22291.0,22291.0,22288.0,22288.0,4.0
2024-08-21 01:56:00,TAIFEX:TXF1!,22289.0,22289.0,22289.0,22289.0,2.0
2024-08-21 01:58:00,TAIFEX:TXF1!,22289.0,22289.0,22289.0,22289.0,1.0
2024-08-21 01:59:00,TAIFEX:TXF1!,22298.0,22298.0,22298.0,22298.0,1.0
2024-08-21 02:01:00,TAIFEX:TXF1!,22299.0,22299.0,22299.0,22299.0,1.0
2024-08-21 02:02:00,TAIFEX:TXF1!,22300.0,22300.0,22300.0,22300.0,1.0
2024-08-21 02:03:00,TAIFEX:TXF1!,22300.0,22300.0,22300.0,22300.0,5.0
2024-08-21 02:04:00,TAIFEX:TXF1!,22302.0,22302.0,22302.0,22302.0,1.0
2024-08-21 02:05:00,TAIFEX:TXF1!,22303.0,22304.0,22303.0,22304.0,2.0
2024-08-21 02:06:00,TAIFEX:TXF1!,22303.0,22305.0,22301.0,22305.0,5.0
2024-08-21 02:08:00,TAIFEX:TXF1!,22304.0,22304.0,22304.0,22304.0,2.0
2024-08-21 02:09:00,TAIFEX:TXF1!,22301.0,22301.0,22300.0,22300.0,3.0
2024-08-21 02:13:00,TAIFEX:TXF1!,22303.0,22310.0,22303.0,22310.0,17.0
2024-08-21 02:14:00,TAIFEX:TXF1!,22312.0,22312.0,22312.0,22312.0,1.0
2024-08-21 02:15:00,TAIFEX:TXF1!,22309.0,22312.0,22308.0,22312.0,8.0
2024-08-21 02:16:00,TAIFEX:TXF1!,22314.0,22314.0,22314.0,22314.0,1.0
2024-08-21 02:17:00,TAIFEX:TXF1!,22315.0,22315.0,22315.0,22315.0,7.0
2024-08-21 02:18:00,TAIFEX:TXF1!,22314.0,22316.0,22312.0,22316.0,11.0
2024-08-21 02:19:00,TAIFEX:TXF1!,22318.0,22320.0,22318.0,22319.0,4.0
2024-08-21 02:20:00,TAIFEX:TXF1!,22316.0,22318.0,22316.0,22318.0,7.0
2024-08-21 02:21:00,TAIFEX:TXF1!,22317.0,22317.0,22316.0,22316.0,5.0
2024-08-21 02:22:00,TAIFEX:TXF1!,22320.0,22320.0,22320.0,22320.0,1.0
2024-08-21 02:23:00,TAIFEX:TXF1!,22319.0,22327.0,22319.0,22327.0,10.0
2024-08-21 02:24:00,TAIFEX:TXF1!,22327.0,22327.0,22325.0,22325.0,5.0
2024-08-21 02:25:00,TAIFEX:TXF1!,22325.0,22325.0,22323.0,22324.0,4.0
2024-08-21 02:26:00,TAIFEX:TXF1!,22321.0,22321.0,22319.0,22320.0,40.0
2024-08-21 02:27:00,TAIFEX:TXF1!,22321.0,22322.0,22320.0,22322.0,7.0
2024-08-21 02:28:00,TAIFEX:TXF1!,22322.0,22323.0,22320.0,22321.0,38.0
2024-08-21 02:29:00,TAIFEX:TXF1!,22319.0,22320.0,22319.0,22320.0,44.0
2024-08-21 02:30:00,TAIFEX:TXF1!,22320.0,22325.0,22320.0,22325.0,17.0
2024-08-21 02:32:00,TAIFEX:TXF1!,22325.0,22329.0,22325.0,22327.0,13.0
2024-08-21 02:33:00,TAIFEX:TXF1!,22327.0,22327.0,22327.0,22327.0,1.0
2024-08-21 02:34:00,TAIFEX:TXF1!,22328.0,22328.0,22321.0,22321.0,2.0
2024-08-21 02:36:00,TAIFEX:TXF1!,22322.0,22322.0,22320.0,22320.0,3.0
2024-08-21 02:37:00,TAIFEX:TXF1!,22325.0,22328.0,22325.0,22328.0,2.0
2024-08-21 02:38:00,TAIFEX:TXF1!,22329.0,22330.0,22324.0,22324.0,12.0
2024-08-21 02:39:00,TAIFEX:TXF1!,22329.0,22329.0,22329.0,22329.0,1.0
2024-08-21 02:40:00,TAIFEX:TXF1!,22331.0,22333.0,22331.0,22333.0,10.0
2024-08-21 02:41:00,TAIFEX:TXF1!,22332.0,22332.0,22332.0,22332.0,1.0
2024-08-21 02:42:00,TAIFEX:TXF1!,22332.0,22333.0,22332.0,22333.0,2.0
2024-08-21 02:43:00,TAIFEX:TXF1!,22334.0,22335.0,22334.0,22335.0,4.0
2024-08-21 02:45:00,TAIFEX:TXF1!,22321.0,22321.0,22321.0,22321.0,1.0
2024-08-21 02:46:00,TAIFEX:TXF1!,22320.0,22320.0,22320.0,22320.0,3.0
2024-08-21 02:47:00,TAIFEX:TXF1!,22320.0,22320.0,22320.0,22320.0,6.0
2024-08-21 02:48:00,TAIFEX:TXF1!,22322.0,22322.0,22322.0,22322.0,3.0
2024-08-21 02:52:00,TAIFEX:TXF1!,22322.0,22322.0,22311.0,22312.0,32.0
2024-08-21 02:53:00,TAIFEX:TXF1!,22310.0,22310.0,22307.0,22307.0,5.0
2024-08-21 02:54:00,TAIFEX:TXF1!,22312.0,22315.0,22312.0,22314.0,3.0
2024-08-21 02:55:00,TAIFEX:TXF1!,22320.0,22320.0,22317.0,22317.0,2.0
2024-08-21 02:56:00,TAIFEX:TXF1!,22320.0,22322.0,22320.0,22322.0,2.0
2024-08-21 02:57:00,TAIFEX:TXF1!,22323.0,22328.0,22323.0,22327.0,7.0
2024-08-21 02:58:00,TAIFEX:TXF1!,22324.0,22324.0,22322.0,22323.0,4.0
2024-08-21 03:00:00,TAIFEX:TXF1!,22321.0,22324.0,22320.0,22324.0,7.0
2024-08-21 03:01:00,TAIFEX:TXF1!,22322.0,22322.0,22322.0,22322.0,1.0
2024-08-21 03:02:00,TAIFEX:TXF1!,22325.0,22325.0,22325.0,22325.0,1.0
2024-08-21 03:06:00,TAIFEX:TXF1!,22322.0,22322.0,22320.0,22320.0,6.0
2024-08-21 03:07:00,TAIFEX:TXF1!,22318.0,22318.0,22318.0,22318.0,1.0
2024-08-21 03:09:00,TAIFEX:TXF1!,22313.0,22313.0,22311.0,22311.0,2.0
2024-08-21 03:11:00,TAIFEX:TXF1!,22310.0,22310.0,22310.0,22310.0,2.0
2024-08-21 03:12:00,TAIFEX:TXF1!,22311.0,22311.0,22305.0,22308.0,5.0
2024-08-21 03:13:00,TAIFEX:TXF1!,22308.0,22308.0,22302.0,22307.0,9.0
2024-08-21 03:14:00,TAIFEX:TXF1!,22306.0,22308.0,22306.0,22308.0,2.0
2024-08-21 03:15:00,TAIFEX:TXF1!,22305.0,22305.0,22300.0,22300.0,15.0
2024-08-21 03:16:00,TAIFEX:TXF1!,22300.0,22300.0,22300.0,22300.0,1.0
2024-08-21 03:17:00,TAIFEX:TXF1!,22299.0,22302.0,22299.0,22302.0,2.0
2024-08-21 03:18:00,TAIFEX:TXF1!,22298.0,22305.0,22298.0,22305.0,3.0
2024-08-21 03:20:00,TAIFEX:TXF1!,22308.0,22308.0,22308.0,22308.0,1.0
2024-08-21 03:21:00,TAIFEX:TXF1!,22309.0,22309.0,22303.0,22303.0,3.0
2024-08-21 03:26:00,TAIFEX:TXF1!,22304.0,22304.0,22304.0,22304.0,2.0
2024-08-21 03:28:00,TAIFEX:TXF1!,22304.0,22304.0,22304.0,22304.0,1.0
2024-08-21 03:29:00,TAIFEX:TXF1!,22300.0,22300.0,22300.0,22300.0,1.0
2024-08-21 03:31:00,TAIFEX:TXF1!,22303.0,22307.0,22303.0,22306.0,6.0
2024-08-21 03:33:00,TAIFEX:TXF1!,22303.0,22304.0,22294.0,22304.0,12.0
2024-08-21 03:34:00,TAIFEX:TXF1!,22304.0,22304.0,22304.0,22304.0,2.0
2024-08-21 03:36:00,TAIFEX:TXF1!,22304.0,22307.0,22304.0,22307.0,6.0
2024-08-21 03:37:00,TAIFEX:TXF1!,22309.0,22309.0,22308.0,22308.0,2.0
2024-08-21 03:38:00,TAIFEX:TXF1!,22310.0,22310.0,22310.0,22310.0,1.0
2024-08-21 03:39:00,TAIFEX:TXF1!,22311.0,22311.0,22306.0,22306.0,2.0
2024-08-21 03:40:00,TAIFEX:TXF1!,22306.0,22306.0,22306.0,22306.0,1.0
2024-08-21 03:44:00,TAIFEX:TXF1!,22306.0,22306.0,22306.0,22306.0,1.0
2024-08-21 03:45:00,TAIFEX:TXF1!,22306.0,22306.0,22306.0,22306.0,2.0
2024-08-21 03:48:00,TAIFEX:TXF1!,22310.0,22311.0,22310.0,22311.0,3.0
2024-08-21 03:49:00,TAIFEX:TXF1!,22312.0,22316.0,22312.0,22316.0,5.0
2024-08-21 03:50:00,TAIFEX:TXF1!,22320.0,22320.0,22313.0,22313.0,3.0
2024-08-21 03:51:00,TAIFEX:TXF1!,22313.0,22313.0,22312.0,22312.0,3.0
2024-08-21 03:52:00,TAIFEX:TXF1!,22310.0,22315.0,22302.0,22303.0,6.0
2024-08-21 03:53:00,TAIFEX:TXF1!,22300.0,22300.0,22300.0,22300.0,1.0
2024-08-21 03:55:00,TAIFEX:TXF1!,22301.0,22301.0,22301.0,22301.0,1.0
2024-08-21 03:56:00,TAIFEX:TXF1!,22297.0,22297.0,22291.0,22291.0,4.0
2024-08-21 03:57:00,TAIFEX:TXF1!,22289.0,22290.0,22286.0,22286.0,4.0
2024-08-21 03:58:00,TAIFEX:TXF1!,22290.0,22291.0,22286.0,22286.0,3.0
2024-08-21 03:59:00,TAIFEX:TXF1!,22284.0,22284.0,22280.0,22280.0,2.0
2024-08-21 04:00:00,TAIFEX:TXF1!,22290.0,22290.0,22290.0,22290.0,1.0
2024-08-21 04:01:00,TAIFEX:TXF1!,22288.0,22290.0,22286.0,22289.0,10.0
2024-08-21 04:02:00,TAIFEX:TXF1!,22288.0,22288.0,22288.0,22288.0,3.0
2024-08-21 04:03:00,TAIFEX:TXF1!,22285.0,22285.0,22285.0,22285.0,2.0
2024-08-21 04:04:00,TAIFEX:TXF1!,22279.0,22280.0,22278.0,22280.0,3.0
2024-08-21 04:09:00,TAIFEX:TXF1!,22288.0,22288.0,22288.0,22288.0,1.0
2024-08-21 04:10:00,TAIFEX:TXF1!,22289.0,22289.0,22289.0,22289.0,1.0
2024-08-21 04:15:00,TAIFEX:TXF1!,22289.0,22289.0,22289.0,22289.0,1.0
2024-08-21 04:20:00,TAIFEX:TXF1!,22290.0,22290.0,22290.0,22290.0,1.0
2024-08-21 04:26:00,TAIFEX:TXF1!,22283.0,22289.0,22283.0,22289.0,4.0
2024-08-21 04:27:00,TAIFEX:TXF1!,22288.0,22288.0,22288.0,22288.0,2.0
2024-08-21 04:29:00,TAIFEX:TXF1!,22282.0,22282.0,22282.0,22282.0,1.0
2024-08-21 04:30:00,TAIFEX:TXF1!,22281.0,22288.0,22281.0,22284.0,7.0
2024-08-21 04:31:00,TAIFEX:TXF1!,22281.0,22281.0,22281.0,22281.0,1.0
2024-08-21 04:32:00,TAIFEX:TXF1!,22284.0,22284.0,22281.0,22281.0,2.0
2024-08-21 04:35:00,TAIFEX:TXF1!,22281.0,22282.0,22281.0,22282.0,3.0
2024-08-21 04:38:00,TAIFEX:TXF1!,22282.0,22282.0,22282.0,22282.0,2.0
2024-08-21 04:39:00,TAIFEX:TXF1!,22283.0,22283.0,22283.0,22283.0,4.0
2024-08-21 04:40:00,TAIFEX:TXF1!,22282.0,22284.0,22282.0,22283.0,7.0
2024-08-21 04:41:00,TAIFEX:TXF1!,22283.0,22283.0,22283.0,22283.0,2.0
2024-08-21 04:42:00,TAIFEX:TXF1!,22282.0,22282.0,22282.0,22282.0,1.0
2024-08-21 04:43:00,TAIFEX:TXF1!,22283.0,22284.0,22283.0,22283.0,6.0
2024-08-21 04:46:00,TAIFEX:TXF1!,22283.0,22283.0,22280.0,22280.0,6.0
2024-08-21 04:47:00,TAIFEX:TXF1!,22279.0,22279.0,22277.0,22279.0,11.0
2024-08-21 04:49:00,TAIFEX:TXF1!,22280.0,22280.0,22280.0,22280.0,1.0
2024-08-21 04:50:00,TAIFEX:TXF1!,22279.0,22279.0,22279.0,22279.0,1.0
2024-08-21 04:54:00,TAIFEX:TXF1!,22279.0,22279.0,22279.0,22279.0,3.0
2024-08-21 04:55:00,TAIFEX:TXF1!,22280.0,22282.0,22280.0,22282.0,5.0
2024-08-21 04:56:00,TAIFEX:TXF1!,22282.0,22282.0,22282.0,22282.0,3.0
2024-08-21 04:58:00,TAIFEX:TXF1!,22285.0,22288.0,22285.0,22288.0,3.0
2024-08-21 04:59:00,TAIFEX:TXF1!,22284.0,22287.0,22284.0,22286.0,12.0
2024-08-21 08:45:00,TAIFEX:TXF1!,22282.0,22291.0,22240.0,22281.0,489.0
2024-08-21 08:46:00,TAIFEX:TXF1!,22276.0,22288.0,22267.0,22281.0,239.0
2024-08-21 08:47:00,TAIFEX:TXF1!,22282.0,22293.0,22280.0,22292.0,99.0
2024-08-21 08:48:00,TAIFEX:TXF1!,22292.0,22294.0,22279.0,22288.0,90.0
2024-08-21 08:49:00,TAIFEX:TXF1!,22290.0,22292.0,22285.0,22288.0,45.0
2024-08-21 08:50:00,TAIFEX:TXF1!,22288.0,22292.0,22287.0,22287.0,48.0
2024-08-21 08:51:00,TAIFEX:TXF1!,22288.0,22303.0,22287.0,22300.0,95.0
2024-08-21 08:52:00,TAIFEX:TXF1!,22302.0,22303.0,22285.0,22285.0,44.0
2024-08-21 08:53:00,TAIFEX:TXF1!,22285.0,22287.0,22280.0,22287.0,42.0
2024-08-21 08:54:00,TAIFEX:TXF1!,22284.0,22289.0,22277.0,22287.0,44.0
2024-08-21 08:55:00,TAIFEX:TXF1!,22283.0,22289.0,22283.0,22289.0,13.0
2024-08-21 08:56:00,TAIFEX:TXF1!,22289.0,22296.0,22289.0,22296.0,37.0
2024-08-21 08:57:00,TAIFEX:TXF1!,22294.0,22294.0,22275.0,22282.0,70.0
2024-08-21 08:58:00,TAIFEX:TXF1!,22281.0,22281.0,22272.0,22273.0,36.0
2024-08-21 08:59:00,TAIFEX:TXF1!,22272.0,22284.0,22272.0,22283.0,46.0
2024-08-21 09:00:00,TAIFEX:TXF1!,22285.0,22303.0,22269.0,22291.0,409.0
2024-08-21 09:01:00,TAIFEX:TXF1!,22293.0,22303.0,22286.0,22288.0,200.0
2024-08-21 09:02:00,TAIFEX:TXF1!,22290.0,22295.0,22261.0,22267.0,305.0
2024-08-21 09:03:00,TAIFEX:TXF1!,22268.0,22284.0,22255.0,22282.0,191.0
2024-08-21 09:04:00,TAIFEX:TXF1!,22282.0,22282.0,22265.0,22270.0,84.0
2024-08-21 09:05:00,TAIFEX:TXF1!,22270.0,22270.0,22248.0,22256.0,258.0
2024-08-21 09:06:00,TAIFEX:TXF1!,22256.0,22257.0,22230.0,22231.0,412.0
2024-08-21 09:07:00,TAIFEX:TXF1!,22234.0,22243.0,22226.0,22238.0,289.0
2024-08-21 09:08:00,TAIFEX:TXF1!,22235.0,22239.0,22204.0,22214.0,498.0
2024-08-21 09:09:00,TAIFEX:TXF1!,22212.0,22236.0,22203.0,22230.0,347.0
2024-08-21 09:10:00,TAIFEX:TXF1!,22227.0,22228.0,22206.0,22208.0,250.0
2024-08-21 09:11:00,TAIFEX:TXF1!,22209.0,22220.0,22204.0,22220.0,251.0
2024-08-21 09:12:00,TAIFEX:TXF1!,22220.0,22270.0,22220.0,22268.0,383.0
2024-08-21 09:13:00,TAIFEX:TXF1!,22267.0,22277.0,22255.0,22259.0,238.0
2024-08-21 09:14:00,TAIFEX:TXF1!,22259.0,22266.0,22255.0,22258.0,148.0
2024-08-21 09:15:00,TAIFEX:TXF1!,22256.0,22266.0,22251.0,22259.0,165.0
2024-08-21 09:16:00,TAIFEX:TXF1!,22256.0,22258.0,22244.0,22245.0,170.0
2024-08-21 09:17:00,TAIFEX:TXF1!,22246.0,22265.0,22246.0,22265.0,167.0
2024-08-21 09:18:00,TAIFEX:TXF1!,22265.0,22280.0,22263.0,22267.0,215.0
2024-08-21 09:19:00,TAIFEX:TXF1!,22267.0,22272.0,22256.0,22259.0,161.0
2024-08-21 09:20:00,TAIFEX:TXF1!,22258.0,22263.0,22250.0,22260.0,117.0
2024-08-21 09:21:00,TAIFEX:TXF1!,22258.0,22258.0,22238.0,22240.0,188.0
2024-08-21 09:22:00,TAIFEX:TXF1!,22242.0,22244.0,22230.0,22230.0,137.0
2024-08-21 09:23:00,TAIFEX:TXF1!,22231.0,22240.0,22223.0,22227.0,230.0
2024-08-21 09:24:00,TAIFEX:TXF1!,22229.0,22233.0,22222.0,22223.0,185.0
2024-08-21 09:25:00,TAIFEX:TXF1!,22222.0,22237.0,22219.0,22233.0,110.0
2024-08-21 09:26:00,TAIFEX:TXF1!,22231.0,22241.0,22228.0,22230.0,58.0
2024-08-21 09:27:00,TAIFEX:TXF1!,22230.0,22239.0,22224.0,22233.0,140.0
2024-08-21 09:28:00,TAIFEX:TXF1!,22234.0,22250.0,22226.0,22250.0,108.0
2024-08-21 09:29:00,TAIFEX:TXF1!,22248.0,22260.0,22248.0,22253.0,157.0
2024-08-21 09:30:00,TAIFEX:TXF1!,22253.0,22257.0,22242.0,22246.0,136.0
2024-08-21 09:31:00,TAIFEX:TXF1!,22252.0,22257.0,22237.0,22244.0,121.0
2024-08-21 09:32:00,TAIFEX:TXF1!,22244.0,22244.0,22228.0,22243.0,112.0
2024-08-21 09:33:00,TAIFEX:TXF1!,22243.0,22263.0,22242.0,22261.0,177.0
2024-08-21 09:34:00,TAIFEX:TXF1!,22258.0,22275.0,22255.0,22258.0,224.0
2024-08-21 09:35:00,TAIFEX:TXF1!,22261.0,22263.0,22251.0,22259.0,107.0
2024-08-21 09:36:00,TAIFEX:TXF1!,22259.0,22265.0,22253.0,22261.0,128.0
2024-08-21 09:37:00,TAIFEX:TXF1!,22264.0,22298.0,22264.0,22285.0,417.0
2024-08-21 09:38:00,TAIFEX:TXF1!,22284.0,22300.0,22284.0,22297.0,165.0
2024-08-21 09:39:00,TAIFEX:TXF1!,22296.0,22309.0,22296.0,22309.0,280.0
2024-08-21 09:40:00,TAIFEX:TXF1!,22308.0,22310.0,22297.0,22301.0,134.0
2024-08-21 09:41:00,TAIFEX:TXF1!,22303.0,22315.0,22298.0,22299.0,173.0
2024-08-21 09:42:00,TAIFEX:TXF1!,22301.0,22305.0,22296.0,22300.0,61.0
2024-08-21 09:43:00,TAIFEX:TXF1!,22298.0,22300.0,22289.0,22292.0,98.0
2024-08-21 09:44:00,TAIFEX:TXF1!,22290.0,22293.0,22273.0,22273.0,210.0
2024-08-21 09:45:00,TAIFEX:TXF1!,22277.0,22291.0,22274.0,22290.0,144.0
2024-08-21 09:46:00,TAIFEX:TXF1!,22288.0,22297.0,22288.0,22294.0,87.0
2024-08-21 09:47:00,TAIFEX:TXF1!,22294.0,22301.0,22285.0,22297.0,94.0
2024-08-21 09:48:00,TAIFEX:TXF1!,22300.0,22304.0,22283.0,22286.0,92.0
2024-08-21 09:49:00,TAIFEX:TXF1!,22286.0,22291.0,22282.0,22288.0,50.0
2024-08-21 09:50:00,TAIFEX:TXF1!,22288.0,22291.0,22280.0,22285.0,81.0
2024-08-21 09:51:00,TAIFEX:TXF1!,22287.0,22301.0,22284.0,22300.0,88.0
2024-08-21 09:52:00,TAIFEX:TXF1!,22298.0,22301.0,22291.0,22298.0,180.0
2024-08-21 09:53:00,TAIFEX:TXF1!,22297.0,22301.0,22280.0,22283.0,106.0
2024-08-21 09:54:00,TAIFEX:TXF1!,22283.0,22291.0,22277.0,22287.0,69.0
2024-08-21 09:55:00,TAIFEX:TXF1!,22285.0,22288.0,22276.0,22283.0,79.0
2024-08-21 09:56:00,TAIFEX:TXF1!,22285.0,22285.0,22270.0,22280.0,132.0
2024-08-21 09:57:00,TAIFEX:TXF1!,22281.0,22287.0,22267.0,22269.0,120.0
2024-08-21 09:58:00,TAIFEX:TXF1!,22268.0,22278.0,22266.0,22267.0,122.0
2024-08-21 09:59:00,TAIFEX:TXF1!,22269.0,22285.0,22267.0,22282.0,74.0
2024-08-21 10:00:00,TAIFEX:TXF1!,22281.0,22281.0,22244.0,22261.0,418.0
2024-08-21 10:01:00,TAIFEX:TXF1!,22260.0,22262.0,22252.0,22256.0,96.0
2024-08-21 10:02:00,TAIFEX:TXF1!,22256.0,22268.0,22253.0,22266.0,87.0
2024-08-21 10:03:00,TAIFEX:TXF1!,22266.0,22266.0,22255.0,22259.0,64.0
2024-08-21 10:04:00,TAIFEX:TXF1!,22257.0,22257.0,22245.0,22245.0,126.0
2024-08-21 10:05:00,TAIFEX:TXF1!,22244.0,22257.0,22238.0,22245.0,121.0
2024-08-21 10:06:00,TAIFEX:TXF1!,22245.0,22254.0,22243.0,22253.0,43.0
2024-08-21 10:07:00,TAIFEX:TXF1!,22254.0,22256.0,22239.0,22239.0,83.0
2024-08-21 10:08:00,TAIFEX:TXF1!,22241.0,22251.0,22241.0,22248.0,86.0
2024-08-21 10:09:00,TAIFEX:TXF1!,22247.0,22252.0,22243.0,22247.0,54.0
2024-08-21 10:10:00,TAIFEX:TXF1!,22245.0,22253.0,22242.0,22245.0,74.0
2024-08-21 10:11:00,TAIFEX:TXF1!,22245.0,22253.0,22243.0,22251.0,74.0
2024-08-21 10:12:00,TAIFEX:TXF1!,22250.0,22252.0,22239.0,22241.0,114.0
2024-08-21 10:13:00,TAIFEX:TXF1!,22239.0,22239.0,22227.0,22235.0,189.0
2024-08-21 10:14:00,TAIFEX:TXF1!,22235.0,22239.0,22225.0,22233.0,120.0
2024-08-21 10:15:00,TAIFEX:TXF1!,22232.0,22236.0,22226.0,22229.0,115.0
2024-08-21 10:16:00,TAIFEX:TXF1!,22229.0,22245.0,22226.0,22245.0,90.0
2024-08-21 10:17:00,TAIFEX:TXF1!,22245.0,22247.0,22239.0,22242.0,102.0
2024-08-21 10:18:00,TAIFEX:TXF1!,22240.0,22246.0,22237.0,22246.0,86.0
2024-08-21 10:19:00,TAIFEX:TXF1!,22246.0,22257.0,22245.0,22253.0,102.0
2024-08-21 10:20:00,TAIFEX:TXF1!,22251.0,22256.0,22249.0,22255.0,52.0
2024-08-21 10:21:00,TAIFEX:TXF1!,22256.0,22263.0,22256.0,22256.0,106.0
2024-08-21 10:22:00,TAIFEX:TXF1!,22258.0,22265.0,22256.0,22257.0,94.0
2024-08-21 10:23:00,TAIFEX:TXF1!,22258.0,22264.0,22256.0,22263.0,55.0
2024-08-21 10:24:00,TAIFEX:TXF1!,22261.0,22265.0,22257.0,22257.0,45.0
2024-08-21 10:25:00,TAIFEX:TXF1!,22258.0,22259.0,22250.0,22252.0,73.0
2024-08-21 10:26:00,TAIFEX:TXF1!,22251.0,22255.0,22243.0,22247.0,119.0
2024-08-21 10:27:00,TAIFEX:TXF1!,22248.0,22249.0,22239.0,22241.0,53.0
2024-08-21 10:28:00,TAIFEX:TXF1!,22242.0,22257.0,22242.0,22256.0,69.0
2024-08-21 10:29:00,TAIFEX:TXF1!,22255.0,22277.0,22255.0,22274.0,171.0
2024-08-21 10:30:00,TAIFEX:TXF1!,22274.0,22277.0,22266.0,22269.0,78.0
2024-08-21 10:31:00,TAIFEX:TXF1!,22269.0,22283.0,22269.0,22279.0,187.0
2024-08-21 10:32:00,TAIFEX:TXF1!,22279.0,22280.0,22271.0,22273.0,47.0
2024-08-21 10:33:00,TAIFEX:TXF1!,22274.0,22276.0,22268.0,22275.0,70.0
2024-08-21 10:34:00,TAIFEX:TXF1!,22277.0,22283.0,22275.0,22281.0,50.0
2024-08-21 10:35:00,TAIFEX:TXF1!,22281.0,22291.0,22281.0,22290.0,215.0
2024-08-21 10:36:00,TAIFEX:TXF1!,22288.0,22289.0,22274.0,22278.0,69.0
2024-08-21 10:37:00,TAIFEX:TXF1!,22279.0,22279.0,22268.0,22274.0,39.0
2024-08-21 10:38:00,TAIFEX:TXF1!,22278.0,22284.0,22272.0,22272.0,61.0
2024-08-21 10:39:00,TAIFEX:TXF1!,22271.0,22272.0,22261.0,22261.0,45.0
2024-08-21 10:40:00,TAIFEX:TXF1!,22261.0,22261.0,22248.0,22250.0,87.0
2024-08-21 10:41:00,TAIFEX:TXF1!,22250.0,22252.0,22245.0,22250.0,89.0
2024-08-21 10:42:00,TAIFEX:TXF1!,22252.0,22255.0,22250.0,22253.0,36.0
2024-08-21 10:43:00,TAIFEX:TXF1!,22255.0,22257.0,22254.0,22257.0,37.0
2024-08-21 10:44:00,TAIFEX:TXF1!,22257.0,22257.0,22249.0,22251.0,60.0
2024-08-21 10:45:00,TAIFEX:TXF1!,22250.0,22256.0,22248.0,22252.0,64.0
2024-08-21 10:46:00,TAIFEX:TXF1!,22254.0,22258.0,22250.0,22258.0,43.0
2024-08-21 10:47:00,TAIFEX:TXF1!,22255.0,22256.0,22247.0,22249.0,94.0
2024-08-21 10:48:00,TAIFEX:TXF1!,22250.0,22253.0,22237.0,22247.0,244.0
2024-08-21 10:49:00,TAIFEX:TXF1!,22247.0,22247.0,22236.0,22242.0,107.0
2024-08-21 10:50:00,TAIFEX:TXF1!,22241.0,22249.0,22241.0,22241.0,48.0
2024-08-21 10:51:00,TAIFEX:TXF1!,22245.0,22248.0,22243.0,22248.0,33.0
2024-08-21 10:52:00,TAIFEX:TXF1!,22247.0,22257.0,22246.0,22256.0,77.0
2024-08-21 10:53:00,TAIFEX:TXF1!,22256.0,22257.0,22253.0,22253.0,29.0
2024-08-21 10:54:00,TAIFEX:TXF1!,22252.0,22253.0,22248.0,22248.0,19.0
2024-08-21 10:55:00,TAIFEX:TXF1!,22249.0,22250.0,22245.0,22250.0,71.0
2024-08-21 10:56:00,TAIFEX:TXF1!,22255.0,22261.0,22255.0,22258.0,53.0
2024-08-21 10:57:00,TAIFEX:TXF1!,22260.0,22262.0,22247.0,22247.0,66.0
2024-08-21 10:58:00,TAIFEX:TXF1!,22248.0,22252.0,22246.0,22246.0,41.0
2024-08-21 10:59:00,TAIFEX:TXF1!,22245.0,22245.0,22231.0,22235.0,111.0
2024-08-21 11:00:00,TAIFEX:TXF1!,22232.0,22235.0,22197.0,22217.0,671.0
2024-08-21 11:01:00,TAIFEX:TXF1!,22217.0,22218.0,22198.0,22204.0,205.0
2024-08-21 11:02:00,TAIFEX:TXF1!,22205.0,22207.0,22194.0,22201.0,182.0
2024-08-21 11:03:00,TAIFEX:TXF1!,22201.0,22203.0,22186.0,22191.0,280.0
2024-08-21 11:04:00,TAIFEX:TXF1!,22191.0,22204.0,22190.0,22198.0,222.0
2024-08-21 11:05:00,TAIFEX:TXF1!,22200.0,22200.0,22190.0,22199.0,143.0
2024-08-21 11:06:00,TAIFEX:TXF1!,22200.0,22210.0,22196.0,22208.0,134.0
2024-08-21 11:07:00,TAIFEX:TXF1!,22210.0,22214.0,22207.0,22213.0,90.0
2024-08-21 11:08:00,TAIFEX:TXF1!,22213.0,22215.0,22208.0,22213.0,79.0
2024-08-21 11:09:00,TAIFEX:TXF1!,22214.0,22222.0,22212.0,22222.0,142.0
2024-08-21 11:10:00,TAIFEX:TXF1!,22223.0,22240.0,22223.0,22232.0,316.0
2024-08-21 11:11:00,TAIFEX:TXF1!,22232.0,22243.0,22228.0,22239.0,125.0
2024-08-21 11:12:00,TAIFEX:TXF1!,22238.0,22239.0,22235.0,22236.0,125.0
2024-08-21 11:13:00,TAIFEX:TXF1!,22236.0,22239.0,22232.0,22234.0,97.0
2024-08-21 11:14:00,TAIFEX:TXF1!,22233.0,22233.0,22228.0,22233.0,83.0
2024-08-21 11:15:00,TAIFEX:TXF1!,22235.0,22250.0,22234.0,22234.0,215.0
2024-08-21 11:16:00,TAIFEX:TXF1!,22234.0,22237.0,22226.0,22229.0,104.0
2024-08-21 11:17:00,TAIFEX:TXF1!,22229.0,22233.0,22222.0,22224.0,101.0
2024-08-21 11:18:00,TAIFEX:TXF1!,22223.0,22226.0,22217.0,22221.0,107.0
2024-08-21 11:19:00,TAIFEX:TXF1!,22220.0,22231.0,22220.0,22228.0,76.0
2024-08-21 11:20:00,TAIFEX:TXF1!,22227.0,22230.0,22222.0,22224.0,60.0
2024-08-21 11:21:00,TAIFEX:TXF1!,22226.0,22226.0,22221.0,22221.0,31.0
2024-08-21 11:22:00,TAIFEX:TXF1!,22221.0,22226.0,22217.0,22225.0,220.0
2024-08-21 11:23:00,TAIFEX:TXF1!,22223.0,22228.0,22219.0,22221.0,53.0
2024-08-21 11:24:00,TAIFEX:TXF1!,22220.0,22224.0,22216.0,22224.0,32.0
2024-08-21 11:25:00,TAIFEX:TXF1!,22224.0,22228.0,22223.0,22228.0,61.0
2024-08-21 11:26:00,TAIFEX:TXF1!,22227.0,22230.0,22222.0,22222.0,57.0
2024-08-21 11:27:00,TAIFEX:TXF1!,22223.0,22224.0,22218.0,22221.0,56.0
2024-08-21 11:28:00,TAIFEX:TXF1!,22220.0,22221.0,22217.0,22219.0,72.0
2024-08-21 11:29:00,TAIFEX:TXF1!,22219.0,22228.0,22219.0,22223.0,70.0
2024-08-21 11:30:00,TAIFEX:TXF1!,22222.0,22223.0,22220.0,22222.0,46.0
2024-08-21 11:31:00,TAIFEX:TXF1!,22223.0,22223.0,22212.0,22213.0,111.0
2024-08-21 11:32:00,TAIFEX:TXF1!,22213.0,22222.0,22213.0,22220.0,38.0
2024-08-21 11:33:00,TAIFEX:TXF1!,22222.0,22229.0,22221.0,22224.0,65.0
2024-08-21 11:34:00,TAIFEX:TXF1!,22223.0,22224.0,22217.0,22217.0,62.0
2024-08-21 11:35:00,TAIFEX:TXF1!,22215.0,22221.0,22215.0,22221.0,42.0
2024-08-21 11:36:00,TAIFEX:TXF1!,22221.0,22227.0,22217.0,22225.0,90.0
2024-08-21 11:37:00,TAIFEX:TXF1!,22226.0,22229.0,22223.0,22228.0,49.0
2024-08-21 11:38:00,TAIFEX:TXF1!,22227.0,22228.0,22219.0,22225.0,68.0
2024-08-21 11:39:00,TAIFEX:TXF1!,22223.0,22226.0,22219.0,22224.0,118.0
2024-08-21 11:40:00,TAIFEX:TXF1!,22224.0,22226.0,22222.0,22226.0,86.0
2024-08-21 11:41:00,TAIFEX:TXF1!,22225.0,22226.0,22219.0,22225.0,101.0
2024-08-21 11:42:00,TAIFEX:TXF1!,22226.0,22226.0,22218.0,22218.0,43.0
2024-08-21 11:43:00,TAIFEX:TXF1!,22218.0,22222.0,22212.0,22221.0,67.0
2024-08-21 11:44:00,TAIFEX:TXF1!,22222.0,22222.0,22210.0,22214.0,84.0
2024-08-21 11:45:00,TAIFEX:TXF1!,22214.0,22218.0,22208.0,22213.0,139.0
2024-08-21 11:46:00,TAIFEX:TXF1!,22214.0,22219.0,22214.0,22214.0,106.0
2024-08-21 11:47:00,TAIFEX:TXF1!,22215.0,22216.0,22213.0,22215.0,42.0
2024-08-21 11:48:00,TAIFEX:TXF1!,22216.0,22217.0,22209.0,22214.0,52.0
2024-08-21 11:49:00,TAIFEX:TXF1!,22212.0,22212.0,22204.0,22208.0,75.0
2024-08-21 11:50:00,TAIFEX:TXF1!,22207.0,22209.0,22203.0,22204.0,45.0
